[
  {
    "id": "payment-1747909606839",
    "userId": "user_2vAec0ymsGPDgey61LZS5Rlz6iY",
    "payment": {
      "payment_method": "nps",
      "transaction_id": "FZk6hTg6sykzKqptKJ3yEa",
      "pidx": "u5faujgZFT5hF5cMJkcZzE",
      "amount": 100,
      "amount_npr": 1,
      "status": "Completed",
      "payment_date": "2025-05-22T10:26:46.245Z",
      "mobile": "98XXXXX003",
      "purchase_order_id": "order-checkout",
      "purchase_order_name": "Checkout Order"
    },
    "createdAt": "2025-05-22T10:26:46.839Z"
  },
  {
    "id": "payment-1747909755427",
    "userId": "user_2vAec0ymsGPDgey61LZS5Rlz6iY",
    "payment": {
      "payment_method": "nps",
      "transaction_id": "FZk6hTg6sykzKqptKJ3yEa",
      "pidx": "u5faujgZFT5hF5cMJkcZzE",
      "amount": 100,
      "amount_npr": 1,
      "status": "Completed",
      "payment_date": "2025-05-22T10:29:14.425Z",
      "mobile": "98XXXXX003",
      "purchase_order_id": "order-checkout",
      "purchase_order_name": "Checkout Order"
    },
    "createdAt": "2025-05-22T10:29:15.427Z"
  },
  {
    "id": "payment-1747909794948",
    "userId": "user_2vAec0ymsGPDgey61LZS5Rlz6iY",
    "payment": {
      "payment_method": "nps",
      "transaction_id": "9V4YtzVYZBkdRfV4gTN7gB",
      "pidx": "BcKo2zYzaj9aXtLeoXTs7f",
      "amount": 100,
      "amount_npr": 1,
      "status": "Completed",
      "payment_date": "2025-05-22T10:29:54.914Z",
      "mobile": "98XXXXX003",
      "purchase_order_id": "order-checkout",
      "purchase_order_name": "Checkout Order"
    },
    "createdAt": "2025-05-22T10:29:54.948Z"
  },
  {
    "id": "payment-1747909958839",
    "userId": "user_2vAec0ymsGPDgey61LZS5Rlz6iY",
    "payment": {
      "payment_method": "nps",
      "transaction_id": "9V4YtzVYZBkdRfV4gTN7gB",
      "pidx": "BcKo2zYzaj9aXtLeoXTs7f",
      "amount": 100,
      "amount_npr": 1,
      "status": "Completed",
      "payment_date": "2025-05-22T10:32:38.078Z",
      "mobile": "98XXXXX003",
      "purchase_order_id": "order-checkout",
      "purchase_order_name": "Checkout Order"
    },
    "createdAt": "2025-05-22T10:32:38.840Z"
  },
  {
    "id": "payment-1747911874152",
    "userId": "user_2vAec0ymsGPDgey61LZS5Rlz6iY",
    "payment": {
      "payment_method": "nps",
      "transaction_id": "sQGwevsGsi3FW3cCvKvvb9",
      "pidx": "ztYCKQ73GebV8yd8ZwCVFZ",
      "amount": 100,
      "amount_npr": 1,
      "status": "Completed",
      "payment_date": "2025-05-22T11:04:33.807Z",
      "mobile": "98XXXXX003",
      "purchase_order_id": "order-checkout",
      "purchase_order_name": "Checkout Order"
    },
    "createdAt": "2025-05-22T11:04:34.152Z"
  }
]